,,year,fossil_electricity,renewables_electricity,elec_sum,population,gdp
Overall,Averages,2002.340717299578,99.95937038502113,31.188716508438645,131.1480868934598,31938528.687763713,500194285174.4557
Class 0,Averages,2011.0698361536395,39.73003840988453,16.715356164383593,56.44539457426816,20384987.612140745,384180499872.0
Class 1,Averages,1993.6312652397723,59.86468653481471,23.558793280953505,83.42347981576744,15870874.544567868,246434908181.31888
Class 2,Averages,2000.2844036697247,3130.4093394495394,704.6897614678898,3835.099100917436,340833273.7614679,11005157904975.854
Class 3,Averages,2000.2459016393443,786.9140327868854,172.74204918032788,959.6560819672135,1157348654.1639345,4164196721311.4756
