,year,fossil_electricity,renewables_electricity,elec_sum,population,gdp
Averages,1993.6312652397723,59.86468653481471,23.558793280953505,83.42347981576744,15870874.544567868,246434908181.31888
