,year,population,gdp,fossil_electricity,renewables_electricity,fossil_fuel_consumption,renewables_consumption,elec_gen_sum,elec_con_sum
Averages,1993.593183662429,13125866.91479578,110168108955.96646,14.000928861238842,4.466903705707329,168.20710251555323,11.439466865025695,18.467832566946143,179.64656938057857
