,year,population,gdp,fossil_electricity,renewables_electricity,fossil_fuel_consumption,renewables_consumption,elec_gen_sum,elec_con_sum
Averages,2002.2259615384614,367882138.1923077,2394817307692.3076,422.12015865384615,207.9198461538462,4361.933783653845,569.9546971153849,630.0400048076923,4931.888480769231
