,year,fossil_electricity,renewables_electricity,elec_sum,population,gdp
Averages,2011.0698361536395,39.73003840988453,16.715356164383593,56.44539457426816,20384987.612140745,384180499872.0
