,year,population,gdp,fossil_electricity,renewables_electricity,fossil_fuel_consumption,renewables_consumption,elec_gen_sum,elec_con_sum
Averages,2010.8889501240012,16629464.273353541,157291551224.81345,26.115742628823394,8.594255993386643,212.03787103885387,18.586295398181313,34.70999862220989,230.62416643703494
