,year,fossil_electricity,renewables_electricity,elec_sum,population,gdp
Averages,2000.2844036697247,3130.4093394495394,704.6897614678898,3835.099100917436,340833273.7614679,11005157904975.854
