,year,population,gdp,fossil_electricity,renewables_electricity,fossil_fuel_consumption,renewables_consumption,elec_gen_sum,elec_con_sum
Averages,2004.8867924528302,654781342.490566,10883773584905.66,2830.1262830188684,593.9565471698114,22981.14518867924,1665.923113207547,3424.0828301886795,24647.068301886793
