,year,fossil_electricity,renewables_electricity,elec_sum,population,gdp
Averages,2000.2459016393443,786.9140327868854,172.74204918032788,959.6560819672135,1157348654.1639345,4164196721311.4756
