,year,population,gdp,fossil_electricity,renewables_electricity,fossil_fuel_consumption,renewables_consumption,elec_gen_sum,elec_con_sum
Averages,2002.181626466324,29009826.245947015,270602944273.76514,50.65680110715702,16.136776459733692,463.50731698958725,41.72741228417033,66.79357756689056,505.2347292737583
