,year,fossil_electricity,renewables_electricity,elec_sum,population,gdp
Averages,2002.340717299578,99.95937038502113,31.188716508438645,131.1480868934598,31938528.687763713,500194285174.4557
